,id,score_classic,score_order,score_change,score_tireless,score_explorer,score_specialist,score_generalist,score_res,score_eng,score_int,score_cur,score_sin,score_dis,nome,logo
0,1915,0.0,0.2222222222222222,0.4444444444444444,0.6666666666666666,0.3888888888888889,0.4,0.6,0.5862068965517241,0.6896551724137931,0.7586206896551724,0.7241379310344828,0.5172413793103449,0.6206896551724138,Amazon,https://logodownload.org/wp-content/uploads/2014/04/amazon-logo-0.png
1,1916,0.2222222222222222,0.5,0.3888888888888889,0.4444444444444444,0.5555555555555556,0.6,0.2,0.5517241379310345,0.5172413793103449,0.4482758620689655,0.6551724137931034,0.4827586206896552,0.5862068965517241,Google,https://logosmarcas.net/wp-content/uploads/2020/09/Google-Logo.png
2,1865,0.0,0.4444444444444444,0.5555555555555556,0.5555555555555556,0.4444444444444444,0.4,0.4,0.3103448275862069,0.4482758620689655,0.5862068965517241,0.3448275862068966,0.6206896551724138,0.5172413793103449,Apple,https://upload.wikimedia.org/wikipedia/commons/thumb/f/fa/Apple_logo_black.svg/833px-Apple_logo_black.svg.png
3,1869,0.2222222222222222,0.5,0.3888888888888889,0.4444444444444444,0.5555555555555556,0.6,0.2,0.4482758620689655,0.5517241379310345,0.5517241379310345,0.5172413793103449,0.4827586206896552,0.4827586206896552,Microsoft,https://logosmarcas.net/wp-content/uploads/2020/09/Microsoft-Logo.png
4,1839,0.1111111111111111,0.3888888888888889,0.6111111111111112,0.4444444444444444,0.2222222222222222,0.4,0.6,0.6551724137931034,0.5172413793103449,0.6206896551724138,0.5172413793103449,0.6896551724137931,0.5862068965517241,Nike,https://mv2-production-hub.s3.amazonaws.com/uploads/company/logo/menu_e96ed478dab8595a7dbda4cbcbee168f.png
5,1867,0.05555555555555555,0.5555555555555556,0.4444444444444444,0.5,0.16666666666666666,0.8,0.0,0.5862068965517241,0.7931034482758621,0.8275862068965517,0.6206896551724138,0.7586206896551724,0.7241379310344828,Samsung,https://upload.wikimedia.org/wikipedia/commons/2/24/Samsung_Logo.svg
6,1873,0.3333333333333333,0.6111111111111112,0.5555555555555556,0.4444444444444444,0.6666666666666666,0.6,0.2,0.5517241379310345,0.3793103448275862,0.41379310344827586,0.4827586206896552,0.4827586206896552,0.6206896551724138,Toyota,https://cdn.2rscms.com.br/uploads/2200/logo-toyota-4096.png
7,1859,0.2222222222222222,0.5555555555555556,0.5555555555555556,0.4444444444444444,0.5555555555555556,0.0,0.8,0.4827586206896552,0.27586206896551724,0.6551724137931034,0.20689655172413793,0.4827586206896552,0.6206896551724138,Ambev,https://logodownload.org/wp-content/uploads/2017/09/ambev-logo.png
8,1840,0.1111111111111111,0.4444444444444444,0.4444444444444444,0.5555555555555556,0.2222222222222222,0.6,0.2,0.6206896551724138,0.7241379310344828,0.6551724137931034,0.6551724137931034,0.7931034482758621,0.6896551724137931,Meta,https://1000logos.net/wp-content/uploads/2021/10/logo-Meta.png
9,1860,0.2222222222222222,0.4444444444444444,0.6111111111111112,0.5555555555555556,0.5,0.2,0.6,0.6551724137931034,0.6206896551724138,0.6551724137931034,0.27586206896551724,0.6206896551724138,0.5862068965517241,Redbull,https://logodownload.org/wp-content/uploads/2014/10/red-bull-logo-2-1.png
10,1841,0.05555555555555555,0.5555555555555556,0.4444444444444444,0.2222222222222222,0.2222222222222222,0.2,0.6,0.5172413793103449,0.5862068965517241,0.6551724137931034,0.7241379310344828,0.7586206896551724,0.6896551724137931,Natura,https://logospng.org/wp-content/uploads/natura.jpg
11,1842,0.16666666666666666,0.7222222222222222,0.3888888888888889,0.5555555555555556,0.2777777777777778,0.4,0.6,0.4482758620689655,0.5172413793103449,0.7586206896551724,0.5862068965517241,0.6551724137931034,0.5172413793103449,Bradesco,https://logospng.org/wp-content/uploads/bradesco.jpg
12,1843,0.2777777777777778,0.3888888888888889,0.6111111111111112,0.6666666666666666,0.4444444444444444,0.6,0.2,0.4482758620689655,0.5517241379310345,0.6896551724137931,0.41379310344827586,0.5862068965517241,0.5517241379310345,Mercado Livre,https://logospng.org/download/mercado-livre/logo-mercado-livre-4096.png
13,1844,0.1111111111111111,0.5,0.2777777777777778,0.5555555555555556,0.3888888888888889,0.4,0.6,0.6206896551724138,0.6896551724137931,0.4482758620689655,0.4482758620689655,0.7586206896551724,0.6206896551724138,Renner,https://logodownload.org/wp-content/uploads/2014/07/renner-logo-0.png
14,1845,0.2222222222222222,0.1111111111111111,0.5555555555555556,0.3888888888888889,0.4444444444444444,0.6,0.2,0.4827586206896552,0.5172413793103449,0.41379310344827586,0.4827586206896552,0.4827586206896552,0.6206896551724138,Unilever,https://logospng.org/download/unilever/unilever-4096.png
15,1846,0.0,0.16666666666666666,0.6111111111111112,0.3888888888888889,0.4444444444444444,0.6,0.2,0.7241379310344828,0.6206896551724138,0.6551724137931034,0.5172413793103449,0.5172413793103449,0.8620689655172413,Avon,https://www.aberje.com.br/wp-content/uploads/2021/04/Avon-Novo-Logo-1.png
16,1866,0.3333333333333333,0.5555555555555556,0.5555555555555556,0.6111111111111112,0.3333333333333333,0.0,0.8,0.5862068965517241,0.3103448275862069,0.6206896551724138,0.41379310344827586,0.4827586206896552,0.6896551724137931,Netflix,https://images.ctfassets.net/4cd45et68cgf/7LrExJ6PAj6MSIPkDyCO86/542b1dfabbf3959908f69be546879952/Netflix-Brand-Logo.png?w=700&h=456
17,1847,0.0,0.2222222222222222,0.7777777777777778,0.3333333333333333,0.4444444444444444,0.6,0.2,0.5517241379310345,0.5862068965517241,0.4827586206896552,0.5517241379310345,0.6551724137931034,0.5517241379310345,Spotify,https://logodownload.org/wp-content/uploads/2016/09/spotify-logo-0.png
18,1861,0.2222222222222222,0.5,0.4444444444444444,0.4444444444444444,0.3333333333333333,0.6,0.2,0.7241379310344828,0.41379310344827586,0.5172413793103449,0.3793103448275862,0.7586206896551724,0.6551724137931034,Americanas,https://logospng.org/download/lojas-americanas/logo-lojas-americanas-2048.png
19,1862,0.16666666666666666,0.2777777777777778,0.2777777777777778,0.6111111111111112,0.4444444444444444,0.6,0.2,0.4482758620689655,0.5172413793103449,0.5862068965517241,0.41379310344827586,0.7241379310344828,0.4482758620689655,Gerdau,https://logodownload.org/wp-content/uploads/2014/05/gerdau-logo-0.png
20,1863,0.1111111111111111,0.6111111111111112,0.3888888888888889,0.6111111111111112,0.16666666666666666,0.6,0.4,0.4482758620689655,0.5172413793103449,0.5862068965517241,0.41379310344827586,0.7241379310344828,0.4482758620689655,Santander,https://logosmarcas.net/wp-content/uploads/2020/11/Santander-Logo.png
21,1815,0.2777777777777778,0.3333333333333333,0.3333333333333333,0.5555555555555556,0.4444444444444444,0.4,0.6,0.7586206896551724,0.6896551724137931,0.6551724137931034,0.6551724137931034,0.5172413793103449,0.7241379310344828,Honda,https://logodownload.org/wp-content/uploads/2014/09/honda-autos-logo.png
22,1816,0.2222222222222222,0.7777777777777778,0.7777777777777778,0.4444444444444444,0.2222222222222222,0.2,0.6,0.7241379310344828,0.5862068965517241,0.7586206896551724,0.4827586206896552,0.6206896551724138,0.6551724137931034,Vivo,https://upload.wikimedia.org/wikipedia/commons/thumb/7/70/Logo_VIVO.svg/2560px-Logo_VIVO.svg.png
23,1817,0.16666666666666666,0.7222222222222222,0.4444444444444444,0.6111111111111112,0.3888888888888889,0.6,0.2,0.41379310344827586,0.27586206896551724,0.7241379310344828,0.3448275862068966,0.5517241379310345,0.41379310344827586,Ifood,https://www.newvalue.com.br/_nuxt/img/logo_iFood_510_x340-21.b18a6e1.png
24,1818,0.16666666666666666,0.6111111111111112,0.4444444444444444,0.5,0.16666666666666666,0.4,0.6,0.5172413793103449,0.5517241379310345,0.3793103448275862,0.4482758620689655,0.4482758620689655,0.6551724137931034,Nubank,https://upload.wikimedia.org/wikipedia/commons/thumb/f/f7/Nubank_logo_2021.svg/1200px-Nubank_logo_2021.svg.png
25,1819,0.3888888888888889,0.6666666666666666,0.6111111111111112,0.6666666666666666,0.3333333333333333,0.4,0.6,0.4827586206896552,0.41379310344827586,0.41379310344827586,0.3448275862068966,0.6551724137931034,0.5172413793103449,Cielo,https://logodownload.org/wp-content/uploads/2014/07/cielo-logo-0.png
26,1820,0.1111111111111111,0.6666666666666666,0.4444444444444444,0.4444444444444444,0.2777777777777778,0.4,0.6,0.5172413793103449,0.5862068965517241,0.4827586206896552,0.3448275862068966,0.4482758620689655,0.6206896551724138,Carrefour,https://upload.wikimedia.org/wikipedia/commons/thumb/5/5b/Carrefour_logo.svg/1200px-Carrefour_logo.svg.png
27,1821,0.2222222222222222,0.5,0.5,0.5555555555555556,0.4444444444444444,0.2,0.6,0.5862068965517241,0.5862068965517241,0.6896551724137931,0.5517241379310345,0.5517241379310345,0.6551724137931034,Embraer,https://logodownload.org/wp-content/uploads/2014/06/embraer-logo-0.png
28,1822,0.16666666666666666,0.4444444444444444,0.4444444444444444,0.4444444444444444,0.4444444444444444,0.6,0.2,0.5172413793103449,0.4827586206896552,0.5862068965517241,0.3793103448275862,0.6206896551724138,0.6551724137931034,PepsiCo,https://logospng.org/download/pepsico/logo-pepsico-4096.png
29,1848,0.16666666666666666,0.4444444444444444,0.3333333333333333,0.5555555555555556,0.6111111111111112,0.6,0.2,0.6551724137931034,0.4827586206896552,0.6896551724137931,0.4482758620689655,0.6206896551724138,0.5862068965517241,Latam,https://logospng.org/download/latam/logo-latam-4096.png
30,1849,0.1111111111111111,0.5,0.5,0.5555555555555556,0.5,0.6,0.2,0.6206896551724138,0.6206896551724138,0.7586206896551724,0.5862068965517241,0.6551724137931034,0.5517241379310345,Adidas,https://logosmarcas.net/wp-content/uploads/2020/04/Adidas-Logo.png
31,1850,0.3888888888888889,0.3888888888888889,0.5555555555555556,0.4444444444444444,0.5,0.6,0.2,0.5517241379310345,0.5172413793103449,0.5862068965517241,0.4827586206896552,0.6206896551724138,0.5517241379310345,Petrobras,https://logospng.org/download/petrobras/logo-petrobras-2048.png
32,1851,0.3333333333333333,0.4444444444444444,0.6111111111111112,0.5,0.3333333333333333,0.4,0.6,0.7241379310344828,0.5862068965517241,0.6206896551724138,0.5517241379310345,0.6551724137931034,0.6896551724137931,Tramontina,https://marcas-logos.net/wp-content/uploads/2020/10/Tramontina-Logo.png
33,1852,0.3333333333333333,0.4444444444444444,0.6111111111111112,0.5,0.3333333333333333,0.4,0.6,0.5517241379310345,0.5862068965517241,0.4482758620689655,0.5517241379310345,0.5862068965517241,0.6206896551724138,Heineken,https://logosmarcas.net/wp-content/uploads/2020/09/Heineken-Logo.png
34,1853,0.1111111111111111,0.6111111111111112,0.3333333333333333,0.5,0.16666666666666666,0.6,0.2,0.6896551724137931,0.5862068965517241,0.5517241379310345,0.3103448275862069,0.5172413793103449,0.6206896551724138,Fiat,https://marcas-logos.net/wp-content/uploads/2019/12/Fiat-Logo-1.png
35,1854,0.05555555555555555,0.3333333333333333,0.5555555555555556,0.3888888888888889,0.3333333333333333,0.4,0.6,0.5517241379310345,0.5862068965517241,0.5517241379310345,0.5172413793103449,0.5517241379310345,0.6206896551724138,Danone,https://logodownload.org/wp-content/uploads/2014/05/Danone-logo.png
36,1855,0.3333333333333333,0.6666666666666666,0.6111111111111112,0.4444444444444444,0.3333333333333333,0.8,0.0,0.5517241379310345,0.5172413793103449,0.5517241379310345,0.3103448275862069,0.41379310344827586,0.5172413793103449,Ipiranga,https://logodownload.org/wp-content/uploads/2014/05/ipiranga-logo-0.png
37,1856,0.1111111111111111,0.3888888888888889,0.6111111111111112,0.3333333333333333,0.16666666666666666,0.4,0.6,0.6206896551724138,0.6551724137931034,0.6896551724137931,0.6206896551724138,0.5862068965517241,0.5172413793103449,Azul,https://logodownload.org/wp-content/uploads/2016/11/azul-logo-0.png
38,1857,0.2222222222222222,0.6111111111111112,0.5555555555555556,0.4444444444444444,0.2777777777777778,0.4,0.6,0.5517241379310345,0.5517241379310345,0.5862068965517241,0.6896551724137931,0.3793103448275862,0.5172413793103449,IBM,https://logospng.org/download/ibm/logo-ibm-2048.png
39,1823,0.2222222222222222,0.5555555555555556,0.3888888888888889,0.3333333333333333,0.2222222222222222,0.2,0.6,0.41379310344827586,0.3793103448275862,0.3103448275862069,0.5172413793103449,0.4482758620689655,0.5172413793103449,Visa,https://logospng.org/download/visa/logo-visa-4096.png
40,1824,0.2777777777777778,0.3333333333333333,0.5,0.5555555555555556,0.4444444444444444,0.6,0.2,0.5172413793103449,0.3793103448275862,0.5517241379310345,0.4482758620689655,0.4827586206896552,0.5862068965517241,Claro,https://logospng.org/download/claro/logo-claro-4096.png
41,1825,0.16666666666666666,0.2222222222222222,0.5555555555555556,0.2777777777777778,0.3888888888888889,0.6,0.2,0.41379310344827586,0.4827586206896552,0.5862068965517241,0.3103448275862069,0.6206896551724138,0.6551724137931034,Ultrafarma,https://cdn.ultrafarma.com.br/static/layout/logo_ultra.png
42,1826,0.2222222222222222,0.6111111111111112,0.3888888888888889,0.6111111111111112,0.5,0.4,0.6,0.6206896551724138,0.5517241379310345,0.5172413793103449,0.3793103448275862,0.4827586206896552,0.5172413793103449,Ford,https://upload.wikimedia.org/wikipedia/commons/thumb/d/d8/Ford_logo.svg/2560px-Ford_logo.svg.png
43,1827,0.16666666666666666,0.3333333333333333,0.3888888888888889,0.8333333333333334,0.5,0.4,0.6,0.41379310344827586,0.5517241379310345,0.4482758620689655,0.4482758620689655,0.6206896551724138,0.5172413793103449,Lenovo,https://logodownload.org/wp-content/uploads/2014/09/lenovo-logo-0.png
44,1828,0.16666666666666666,0.3888888888888889,0.3888888888888889,0.3888888888888889,0.4444444444444444,0.2,0.6,0.6551724137931034,0.5862068965517241,0.7241379310344828,0.6206896551724138,0.6896551724137931,0.7931034482758621,Volvo,https://seeklogo.com/images/V/volvo-logo-C0F7715FCB-seeklogo.com.png
45,1829,0.2222222222222222,0.4444444444444444,0.5,0.3333333333333333,0.2222222222222222,0.6,0.2,0.5862068965517241,0.4827586206896552,0.5862068965517241,0.3793103448275862,0.6551724137931034,0.6206896551724138,Grupo Fleury,"https://static.wixstatic.com/media/f42e41_3114dac924b64d8da46348128fca85b3~mv2.png/v1/fill/w_420,h_262,al_c,q_85,usm_0.66_1.00_0.01,enc_auto/Logo_Grupo_Fleury.png"
46,1864,0.16666666666666666,0.5555555555555556,0.3888888888888889,0.2222222222222222,0.2222222222222222,0.4,0.6,0.5517241379310345,0.3793103448275862,0.4482758620689655,0.3103448275862069,0.5862068965517241,0.6206896551724138,Grupo Globo,https://upload.wikimedia.org/wikipedia/commons/thumb/f/fa/Grupo_Globo_logo.svg/2560px-Grupo_Globo_logo.svg.png
47,1830,0.1111111111111111,0.5555555555555556,0.5,0.5,0.3333333333333333,0.0,0.8,0.5517241379310345,0.1724137931034483,0.4482758620689655,0.3793103448275862,0.5172413793103449,0.6206896551724138,Amil,https://logospng.org/download/amil/logo-amil-1024.png
48,1831,0.3888888888888889,0.4444444444444444,0.5,0.3888888888888889,0.4444444444444444,0.0,0.8,0.5517241379310345,0.5517241379310345,0.5517241379310345,0.41379310344827586,0.6551724137931034,0.8275862068965517,Eletrobras,https://logospng.org/download/eletrobras/logo-eletrobras-1024.png
49,1832,0.0,0.3888888888888889,0.5555555555555556,0.3888888888888889,0.2222222222222222,0.0,0.8,0.6551724137931034,0.6551724137931034,0.5862068965517241,0.6551724137931034,0.5862068965517241,0.6896551724137931,Tim,https://logodownload.org/wp-content/uploads/2015/02/tim-logo-0.png
50,1833,0.16666666666666666,0.5555555555555556,0.5555555555555556,0.2777777777777778,0.4444444444444444,0.0,0.8,0.4827586206896552,0.5172413793103449,0.4827586206896552,0.3793103448275862,0.6551724137931034,0.6206896551724138,Vale,https://logospng.org/wp-content/uploads/vale.png
51,1834,0.2222222222222222,0.5555555555555556,0.5555555555555556,0.4444444444444444,0.2222222222222222,0.0,0.8,0.5172413793103449,0.5517241379310345,0.5862068965517241,0.4482758620689655,0.5517241379310345,0.7241379310344828,Mondelez,https://logospng.org/download/mondelez-international/mondelez-international-4096.png
52,1835,0.1111111111111111,0.5,0.3888888888888889,0.3333333333333333,0.2222222222222222,0.6,0.4,0.5172413793103449,0.5172413793103449,0.7241379310344828,0.27586206896551724,0.4827586206896552,0.6206896551724138,Enel,https://logospng.org/wp-content/uploads/enel.png
53,1836,0.05555555555555555,0.4444444444444444,0.6111111111111112,0.3888888888888889,0.2222222222222222,0.0,0.8,0.41379310344827586,0.5862068965517241,0.5862068965517241,0.5517241379310345,0.5862068965517241,0.7931034482758621,Itaú,https://logospng.org/wp-content/uploads/itau.jpg
54,1837,0.2222222222222222,0.6111111111111112,0.4444444444444444,0.5,0.1111111111111111,0.0,0.8,0.5862068965517241,0.5517241379310345,0.5172413793103449,0.5172413793103449,0.7931034482758621,0.8275862068965517,Boticário,https://logospng.org/wp-content/uploads/boticario.jpg
55,1838,0.1111111111111111,0.5,0.3888888888888889,0.3333333333333333,0.2222222222222222,0.6,0.4,0.5862068965517241,0.4482758620689655,0.6551724137931034,0.4827586206896552,0.5862068965517241,0.7586206896551724,Nestlé,https://logopng.com.br/logos/nestle-107.png
56,1858,0.2222222222222222,0.3333333333333333,0.3333333333333333,0.6666666666666666,0.6666666666666666,0.4,0.4,0.6206896551724138,0.5172413793103449,0.5172413793103449,0.6206896551724138,0.5172413793103449,0.7241379310344828,Arcelor Mittal,https://logodownload.org/wp-content/uploads/2018/07/arcelormittal-logo.png
57,1870,0.2777777777777778,0.5,0.2777777777777778,0.4444444444444444,0.2777777777777778,0.6,0.2,0.6551724137931034,0.6206896551724138,0.7931034482758621,0.5172413793103449,0.7241379310344828,0.6896551724137931,Magazine Luiza,https://logodownload.org/wp-content/uploads/2014/06/magalu-logo-0.png
58,1868,0.05555555555555555,0.5555555555555556,0.4444444444444444,0.5,0.16666666666666666,0.8,0.0,0.6551724137931034,0.5172413793103449,0.4827586206896552,0.4482758620689655,0.5862068965517241,0.5172413793103449,Boeing ,https://upload.wikimedia.org/wikipedia/commons/thumb/4/4f/Boeing_full_logo.svg/1280px-Boeing_full_logo.svg.png
59,1874,0.2777777777777778,0.3333333333333333,0.3333333333333333,0.5555555555555556,0.4444444444444444,0.4,0.6,0.5517241379310345,0.4482758620689655,0.5172413793103449,0.3448275862068966,0.5517241379310345,0.4827586206896552,Mercedes Benz,https://logodownload.org/wp-content/uploads/2014/04/mercedes-benz-logo-0.png
60,1872,0.2222222222222222,0.6666666666666666,0.6111111111111112,0.6111111111111112,0.4444444444444444,0.4,0.6,0.7241379310344828,0.7931034482758621,0.6551724137931034,0.6206896551724138,0.7241379310344828,0.7586206896551724,Dell,https://upload.wikimedia.org/wikipedia/commons/thumb/1/18/Dell_logo_2016.svg/2048px-Dell_logo_2016.svg.png
61,1871,0.1111111111111111,0.5555555555555556,0.6111111111111112,0.5555555555555556,0.3333333333333333,0.6,0.2,0.6206896551724138,0.41379310344827586,0.6206896551724138,0.5172413793103449,0.5172413793103449,0.6896551724137931,Coca Cola,https://logosmarcas.net/wp-content/uploads/2020/08/Coca-Cola-Logo.png
62,1875,0.2777777777777778,0.2222222222222222,0.3888888888888889,0.5,0.6666666666666666,0.6,0.2,0.5172413793103449,0.4827586206896552,0.41379310344827586,0.5862068965517241,0.5862068965517241,0.6551724137931034,Porto Seguro,https://logospng.org/wp-content/uploads/porto-seguro.jpg
63,1876,0.2222222222222222,0.3333333333333333,0.5,0.5,0.6111111111111112,0.6,0.2,0.6206896551724138,0.5172413793103449,0.7931034482758621,0.5517241379310345,0.6551724137931034,0.8275862068965517,V.tal,"https://images.crunchbase.com/image/upload/c_lpad,h_256,w_256,f_auto,q_auto:eco,dpr_1/c0exveaifcbft7pwtfdk"
64,1877,0.0,0.2222222222222222,0.5,0.5,0.5555555555555556,0.6,0.2,0.7241379310344828,0.3448275862068966,0.6896551724137931,0.5862068965517241,0.4827586206896552,0.6551724137931034,Nintendo,https://logodownload.org/wp-content/uploads/2017/04/nintendo-logo-0.png
65,1878,0.1111111111111111,0.7222222222222222,0.3333333333333333,0.4444444444444444,0.2777777777777778,0.4,0.6,0.41379310344827586,0.27586206896551724,0.41379310344827586,0.3448275862068966,0.4482758620689655,0.5172413793103449,Cia. de Talentos,https://www.castnews.com.br/wp-content/uploads/2022/09/image-39.png
66,1879,0.3333333333333333,0.5555555555555556,0.5555555555555556,0.2777777777777778,0.5,0.6,0.2,0.41379310344827586,0.27586206896551724,0.41379310344827586,0.3448275862068966,0.4482758620689655,0.5172413793103449,Bayer,https://upload.wikimedia.org/wikipedia/commons/thumb/f/f7/Logo_Bayer.svg/2048px-Logo_Bayer.svg.png
67,1880,0.2777777777777778,0.5,0.5,0.6111111111111112,0.5555555555555556,0.4,0.6,0.5172413793103449,0.6896551724137931,0.896551724137931,0.6551724137931034,0.5517241379310345,0.6206896551724138,Bettha,https://mv2-production-hub.s3.amazonaws.com/uploads/company/logo/0e75c8c2a08d82fb0906eb2cd5d99fd6.jpeg
68,1881,0.1111111111111111,0.6666666666666666,0.6666666666666666,0.5555555555555556,0.0,0.6,0.4,0.5862068965517241,0.5172413793103449,0.3448275862068966,0.4482758620689655,0.7241379310344828,0.6206896551724138,Gol,https://upload.wikimedia.org/wikipedia/commons/thumb/5/50/GOL_logo.svg/1200px-GOL_logo.svg.png
69,1930,0.3333333333333333,0.5,0.3888888888888889,0.5555555555555556,0.4444444444444444,0.2,0.6,0.4482758620689655,0.3793103448275862,0.3448275862068966,0.3103448275862069,0.6206896551724138,0.6551724137931034,Riachuelo,https://logospng.org/wp-content/uploads/riachuelo.png
70,1883,0.16666666666666666,0.5555555555555556,0.6111111111111112,0.2777777777777778,0.1111111111111111,0.6,0.2,0.6206896551724138,0.5172413793103449,0.6551724137931034,0.5172413793103449,0.4827586206896552,0.7931034482758621,C&A,https://logodownload.org/wp-content/uploads/2015/02/c-e-a-logo-0.png
71,1884,0.2222222222222222,0.4444444444444444,0.5,0.5,0.5555555555555556,0.4,0.6,0.6206896551724138,0.6206896551724138,0.7241379310344828,0.6551724137931034,0.5517241379310345,0.7586206896551724,Hering ,https://logospng.org/download/hering/logo-hering-4096.png
72,1885,0.05555555555555555,0.4444444444444444,0.5555555555555556,0.7222222222222222,0.5555555555555556,0.4,0.6,0.7586206896551724,0.4482758620689655,0.6206896551724138,0.4827586206896552,0.7241379310344828,0.6896551724137931,Livelo,https://logospng.org/wp-content/uploads/livelo.png
73,1886,0.2777777777777778,0.4444444444444444,0.5,0.2777777777777778,0.3888888888888889,0.6,0.2,0.6206896551724138,0.5517241379310345,0.5172413793103449,0.3793103448275862,0.4827586206896552,0.5172413793103449,Walmart,https://static.vecteezy.com/system/resources/previews/022/100/868/original/walmart-logo-transparent-free-png.png
74,1887,0.3333333333333333,0.4444444444444444,0.2222222222222222,0.5,0.3333333333333333,0.6,0.2,0.5862068965517241,0.3103448275862069,0.27586206896551724,0.3103448275862069,0.6206896551724138,0.6551724137931034,Tigre,https://logodownload.org/wp-content/uploads/2016/09/tigre-logo-2.png
75,1882,0.1111111111111111,0.4444444444444444,0.2222222222222222,0.2222222222222222,0.5555555555555556,0.4,0.4,0.6206896551724138,0.4827586206896552,0.6551724137931034,0.5172413793103449,0.5517241379310345,0.5172413793103449,Inter,https://upload.wikimedia.org/wikipedia/commons/thumb/3/36/Logo-banco-inter.svg/2560px-Logo-banco-inter.svg.png
76,1888,0.05555555555555555,0.4444444444444444,0.5,0.7222222222222222,0.5555555555555556,0.4,0.6,0.5517241379310345,0.4482758620689655,0.6206896551724138,0.3793103448275862,0.5862068965517241,0.6551724137931034,Linkedin,https://upload.wikimedia.org/wikipedia/commons/thumb/0/01/LinkedIn_Logo.svg/1280px-LinkedIn_Logo.svg.png
77,1889,0.2222222222222222,0.5555555555555556,0.5555555555555556,0.2222222222222222,0.5,0.6,0.2,0.7586206896551724,0.5517241379310345,0.6206896551724138,0.41379310344827586,0.6551724137931034,0.6206896551724138,Cacau Show,https://logodownload.org/wp-content/uploads/2017/07/cacau-show-logo-1-1.png
78,1890,0.16666666666666666,0.7222222222222222,0.3888888888888889,0.4444444444444444,0.2777777777777778,0.8,0.0,0.7241379310344828,0.6896551724137931,0.6551724137931034,0.5862068965517241,0.6206896551724138,0.7586206896551724,Autoglass,https://logodownload.org/wp-content/uploads/2020/12/autoglass-logo-1.png
79,1891,0.1111111111111111,0.2777777777777778,0.3888888888888889,0.5555555555555556,0.5,0.2,0.6,0.6206896551724138,0.3793103448275862,0.3793103448275862,0.6206896551724138,0.6206896551724138,0.7931034482758621,BTG Pactual,https://logospng.org/wp-content/uploads/btg-pactual-1.png
80,1892,0.3333333333333333,0.6666666666666666,0.6111111111111112,0.4444444444444444,0.3333333333333333,0.8,0.0,0.6206896551724138,0.5862068965517241,0.6896551724137931,0.4482758620689655,0.5862068965517241,0.7931034482758621,Exame,https://logodownload.org/wp-content/uploads/2018/03/exame-logo-0.png
81,1893,0.1111111111111111,0.3333333333333333,0.5555555555555556,0.5555555555555556,0.5,0.8,0.0,0.5862068965517241,0.4482758620689655,0.5862068965517241,0.5862068965517241,0.5862068965517241,0.4827586206896552,P&G,https://upload.wikimedia.org/wikipedia/commons/f/f9/P%26G_logo.png
82,1894,0.3333333333333333,0.5555555555555556,0.3333333333333333,0.16666666666666666,0.16666666666666666,0.4,0.6,0.3103448275862069,0.27586206896551724,0.3448275862068966,0.3103448275862069,0.4827586206896552,0.3103448275862069,Jonhson & Jonhson,https://logodownload.org/wp-content/uploads/2017/08/johnson-johnson-logo-0.png
83,1895,0.2777777777777778,0.4444444444444444,0.5,0.4444444444444444,0.2777777777777778,0.4,0.6,0.7586206896551724,0.6206896551724138,0.7586206896551724,0.6206896551724138,0.6896551724137931,0.7241379310344828,Shell,https://logosmarcas.net/wp-content/uploads/2020/11/Shell-Logo.png
84,1896,0.1111111111111111,0.6111111111111112,0.3333333333333333,0.6666666666666666,0.3333333333333333,0.2,0.6,0.6206896551724138,0.6551724137931034,0.7241379310344828,0.6551724137931034,0.6896551724137931,0.7241379310344828,L’Oréal,https://logodownload.org/wp-content/uploads/2014/05/loreal-logo-0.png
85,1898,0.1111111111111111,0.6111111111111112,0.2222222222222222,0.5,0.2777777777777778,0.2,0.6,0.7931034482758621,0.5517241379310345,0.5517241379310345,0.41379310344827586,0.5172413793103449,0.6551724137931034,Eudora,https://logospng.org/download/eudora/logo-eudora-4096.png
86,1897,0.3333333333333333,0.6111111111111112,0.5,0.3333333333333333,0.1111111111111111,0.6,0.2,0.4482758620689655,0.4482758620689655,0.6551724137931034,0.2413793103448276,0.4482758620689655,0.6206896551724138,Chilli Beans,https://logospng.org/download/chilli-beans/chillibeans-4096.png
87,1931,0.16666666666666666,0.6111111111111112,0.3888888888888889,0.4444444444444444,0.5555555555555556,0.4,0.6,0.41379310344827586,0.3793103448275862,0.41379310344827586,0.20689655172413793,0.5172413793103449,0.5517241379310345,X Corp,https://logos-world.net/wp-content/uploads/2023/07/X-Corp.-Logo.png
88,1900,0.3888888888888889,0.4444444444444444,0.5555555555555556,0.5555555555555556,0.3888888888888889,0.6,0.4,0.7586206896551724,0.4482758620689655,0.7586206896551724,0.6206896551724138,0.6551724137931034,0.7931034482758621,Uber,https://logospng.org/download/uber/logo-uber-2048.png
89,1901,0.2222222222222222,0.7777777777777778,0.5555555555555556,0.7222222222222222,0.16666666666666666,0.4,0.6,0.6551724137931034,0.5517241379310345,0.6206896551724138,0.3448275862068966,0.5862068965517241,0.7586206896551724,99,https://logodownload.org/wp-content/uploads/2019/05/99-app-logo-0.png
90,1902,0.2222222222222222,0.6666666666666666,0.3333333333333333,0.4444444444444444,0.2777777777777778,0.2,0.6,0.7241379310344828,0.5862068965517241,0.7586206896551724,0.4827586206896552,0.6206896551724138,0.6551724137931034,Adobe,https://logosmarcas.net/wp-content/uploads/2020/07/Adobe-Logo.png
91,1907,0.1111111111111111,0.4444444444444444,0.4444444444444444,0.4444444444444444,0.2222222222222222,0.4,0.4,0.41379310344827586,0.41379310344827586,0.5172413793103449,0.3793103448275862,0.4827586206896552,0.3448275862068966,Cisco,https://ctuniversity.in/storage/2021/01/NetAcad-SCREEN-Lockup_BLACK.png
92,1903,0.16666666666666666,0.2777777777777778,0.2777777777777778,0.3888888888888889,0.7222222222222222,0.2,0.6,0.5517241379310345,0.5517241379310345,0.5517241379310345,0.4482758620689655,0.5517241379310345,0.4482758620689655,Sephora,https://escolhaseucosmetico.com.br/wp-content/uploads/2022/08/SEPHORA-LOGO.png
93,1904,0.1111111111111111,0.3333333333333333,0.6666666666666666,0.6111111111111112,0.3333333333333333,0.4,0.6,0.5862068965517241,0.3103448275862069,0.6206896551724138,0.41379310344827586,0.4827586206896552,0.6896551724137931,HBO,https://logospng.org/download/hbo/hbo-4096.png
94,1905,0.2222222222222222,0.4444444444444444,0.5555555555555556,0.2777777777777778,0.0,0.2,0.6,0.6206896551724138,0.5172413793103449,0.4827586206896552,0.3793103448275862,0.5172413793103449,0.7241379310344828,BCG,https://media-publications.bcg.com/BCG_MONOGRAM.png
95,1911,0.2222222222222222,0.5555555555555556,0.5555555555555556,0.4444444444444444,0.3333333333333333,0.0,0.8,0.4482758620689655,0.6206896551724138,0.5517241379310345,0.5172413793103449,0.4482758620689655,0.4482758620689655,Starbucks,https://logodownload.org/wp-content/uploads/2017/10/Starbucks-logo.png
96,1908,0.2777777777777778,0.4444444444444444,0.6666666666666666,0.5555555555555556,0.6666666666666666,0.6,0.4,0.7241379310344828,0.5172413793103449,0.5517241379310345,0.5517241379310345,0.7586206896551724,0.5172413793103449,Colcci,https://logodownload.org/wp-content/uploads/2014/11/colcci-logo-0.png
97,1932,0.05555555555555555,0.3888888888888889,0.3888888888888889,0.4444444444444444,0.2222222222222222,0.4,0.6,0.5517241379310345,0.6206896551724138,0.5517241379310345,0.3793103448275862,0.6206896551724138,0.4827586206896552,Gucci,https://upload.wikimedia.org/wikipedia/commons/thumb/c/c5/Gucci_logo.svg/1993px-Gucci_logo.svg.png
98,1909,0.2222222222222222,0.5555555555555556,0.5555555555555556,0.3888888888888889,0.4444444444444444,0.6,0.2,0.5862068965517241,0.6551724137931034,0.6551724137931034,0.3793103448275862,0.6551724137931034,0.7586206896551724,Insider,https://assets.stickpng.com/images/629a43c33e59ee069da94c89.png
99,1933,0.2222222222222222,0.7222222222222222,0.6111111111111112,0.6111111111111112,0.3888888888888889,0.0,0.8,0.3448275862068966,0.5517241379310345,0.41379310344827586,0.3793103448275862,0.5517241379310345,0.4827586206896552,Quero Educação,https://gestao.quero.com/wp-content/uploads/2020/01/Logo-Quero-Institucional-Colorido-Tela-RGB-2.png
100,1910,0.1111111111111111,0.4444444444444444,0.5,0.3333333333333333,0.1111111111111111,0.8,0.0,0.5172413793103449,0.4482758620689655,0.6206896551724138,0.5517241379310345,0.5862068965517241,0.6896551724137931,Start Carreiras,https://startcarreiras.com/wp-content/themes/webcraftz-theme/assets/imgs/logo-footer.png
101,1899,0.1111111111111111,0.3333333333333333,0.3333333333333333,0.4444444444444444,0.3333333333333333,0.2,0.6,0.6551724137931034,0.5517241379310345,0.6896551724137931,0.4827586206896552,0.6551724137931034,0.4482758620689655,Atvos,https://www.udop.com.br/u_img/associadas/log_atvos.png
102,1906,0.2222222222222222,0.7777777777777778,0.2222222222222222,0.6111111111111112,0.16666666666666666,0.6,0.2,0.4827586206896552,0.4482758620689655,0.5172413793103449,0.41379310344827586,0.4827586206896552,0.7241379310344828,Leroy Merlin,https://cdn.cookielaw.org/logos/b1bfff13-ac00-4c6f-a1a3-06f2aaf34c5e/ec575dc5-e8d5-4f87-a535-45bd8c658204/9423b3db-272d-4852-8ebf-47201684c42c/leroy-merlin-logo-1.png
103,1934,0.1111111111111111,0.2222222222222222,0.5,0.3888888888888889,0.3333333333333333,0.2,0.6,0.41379310344827586,0.5172413793103449,0.4827586206896552,0.4827586206896552,0.3793103448275862,0.3448275862068966,Prio,https://ri.prio3.com.br/wp-content/uploads/sites/51/2022/06/PRIO-Verde-Degrade.png
104,1935,0.16666666666666666,0.3888888888888889,0.7222222222222222,0.5,0.3333333333333333,0.0,0.8,0.5517241379310345,0.4482758620689655,0.5172413793103449,0.4482758620689655,0.3103448275862069,0.13793103448275862,Valeo,https://upload.wikimedia.org/wikipedia/commons/thumb/2/2b/Valeo_Logo.svg/2560px-Valeo_Logo.svg.png
105,1936,0.16666666666666666,0.4444444444444444,0.6111111111111112,0.5,0.2777777777777778,0.2,0.6,0.4482758620689655,0.4482758620689655,0.4827586206896552,0.6206896551724138,0.27586206896551724,0.20689655172413793,Serasa,https://logodownload.org/wp-content/uploads/2017/09/serasa-logo.png
106,1937,0.3333333333333333,0.5,0.5555555555555556,0.16666666666666666,0.3333333333333333,0.2,0.6,0.41379310344827586,0.4482758620689655,0.4482758620689655,0.27586206896551724,0.4827586206896552,0.4827586206896552,Moura,https://logospng.org/download/baterias-moura/moura-2048.png
107,1912,0.16666666666666666,0.2222222222222222,0.3888888888888889,0.6666666666666666,0.3333333333333333,0.6,0.2,0.6206896551724138,0.5517241379310345,0.6551724137931034,0.4827586206896552,0.3793103448275862,0.3448275862068966,Michelin,https://logodownload.org/wp-content/uploads/2014/11/michelin-logo-0.png
108,1953,0.0,0.3333333333333333,0.2777777777777778,0.6111111111111112,0.3888888888888889,0.4,0.6,0.7931034482758621,0.6896551724137931,0.7586206896551724,0.6551724137931034,0.7241379310344828,0.7241379310344828,Pirelli,https://1000logos.net/wp-content/uploads/2021/04/Pirelli-logo.png
109,1938,0.2222222222222222,0.5,0.5,0.3888888888888889,0.5,0.4,0.6,0.27586206896551724,0.41379310344827586,0.27586206896551724,0.41379310344827586,0.27586206896551724,0.6206896551724138,Mobly,https://logodownload.org/wp-content/uploads/2020/02/mobly-logo-0.png
110,1918,0.16666666666666666,0.4444444444444444,0.5555555555555556,0.2777777777777778,0.3333333333333333,0.6,0.2,0.5172413793103449,0.6206896551724138,0.6896551724137931,0.41379310344827586,0.6551724137931034,0.7241379310344828,Morar Construtora,https://www.prospercomunicacao.com.br/img/clientes/box-morar.png
111,1914,0.0,0.4444444444444444,0.5555555555555556,0.4444444444444444,0.2222222222222222,0.6,0.2,0.7931034482758621,0.6896551724137931,0.7586206896551724,0.6551724137931034,0.7586206896551724,0.8620689655172413,DVF Consultoria,https://empresas.fdc.org.br/box/uploads/2022/04/dfv.png
112,1919,0.1111111111111111,0.4444444444444444,0.7777777777777778,0.4444444444444444,0.4444444444444444,0.0,0.6,0.5862068965517241,0.5517241379310345,0.5862068965517241,0.5172413793103449,0.7241379310344828,0.7586206896551724,Disney ,https://upload.wikimedia.org/wikipedia/commons/thumb/3/3e/Disney%2B_logo.svg/2560px-Disney%2B_logo.svg.png
113,1920,0.3333333333333333,0.2222222222222222,0.3333333333333333,0.4444444444444444,0.4444444444444444,0.4,0.4,0.4482758620689655,0.41379310344827586,0.3793103448275862,0.4482758620689655,0.5862068965517241,0.5172413793103449,Cinemark,https://logospng.org/download/cinemark/logo-cinemark-1024.png
114,1921,0.1111111111111111,0.5555555555555556,0.6666666666666666,0.6666666666666666,0.4444444444444444,0.0,0.6,0.5862068965517241,0.5862068965517241,0.7241379310344828,0.5517241379310345,0.5862068965517241,0.7931034482758621,Daki,https://www.abcdacomunicacao.com.br/wp-content/uploads/Daki_logo.png
115,1939,0.2777777777777778,0.6666666666666666,0.3888888888888889,0.3888888888888889,0.3888888888888889,0.6,0.2,0.4827586206896552,0.5517241379310345,0.4827586206896552,0.20689655172413793,0.5517241379310345,0.4827586206896552,Kinoplex,https://www.kinoplex.com.br/images/og-image-logo.png
116,1940,0.2777777777777778,0.3888888888888889,0.5555555555555556,0.4444444444444444,0.4444444444444444,0.6,0.2,0.6206896551724138,0.4827586206896552,0.5862068965517241,0.5172413793103449,0.4827586206896552,0.6896551724137931,ByteDance,https://i.pinimg.com/originals/01/2d/70/012d70c68938468a4348d9c9e7f060fd.png
117,1941,0.16666666666666666,0.4444444444444444,0.3333333333333333,0.5,0.2777777777777778,0.4,0.6,0.4827586206896552,0.41379310344827586,0.41379310344827586,0.27586206896551724,0.4827586206896552,0.3448275862068966,Rappi,https://static.vecteezy.com/system/resources/previews/024/555/006/original/rappi-logo-transparent-free-png.png
118,1922,0.2222222222222222,0.4444444444444444,0.5555555555555556,0.6666666666666666,0.6666666666666666,0.2,0.6,0.5862068965517241,0.3793103448275862,0.6896551724137931,0.3103448275862069,0.4482758620689655,0.4827586206896552,Trident Energy,https://sumengenharia.com.br/wp-content/uploads/2020/06/trident-energy-logo.png
119,1923,0.3333333333333333,0.5555555555555556,0.4444444444444444,0.3333333333333333,0.7777777777777778,0.4,0.2,0.6551724137931034,0.5517241379310345,0.5517241379310345,0.3793103448275862,0.6551724137931034,0.7241379310344828,Vivara,https://logodownload.org/wp-content/uploads/2019/10/vivara-logo-0.png
120,1924,0.2222222222222222,0.2222222222222222,0.6666666666666666,0.4444444444444444,0.5555555555555556,0.2,0.6,0.4827586206896552,0.5517241379310345,0.5862068965517241,0.4482758620689655,0.5862068965517241,0.5172413793103449,Gupy,https://theme.zdassets.com/theme_assets/992979/b2f9de01a887dcd557654c53964fb88ff7d025a2.png
121,1942,0.2222222222222222,0.5,0.3888888888888889,0.4444444444444444,0.5555555555555556,0.6,0.2,0.5517241379310345,0.4482758620689655,0.5517241379310345,0.2413793103448276,0.5517241379310345,0.896551724137931,Van melle,https://upload.wikimedia.org/wikipedia/commons/thumb/6/60/Perfetti_Van_Melle_logo.svg/2560px-Perfetti_Van_Melle_logo.svg.png
122,1926,0.1111111111111111,0.2777777777777778,0.6666666666666666,0.2222222222222222,0.3333333333333333,0.4,0.6,0.4827586206896552,0.41379310344827586,0.5862068965517241,0.3793103448275862,0.4827586206896552,0.6551724137931034,Escelsa,https://upload.wikimedia.org/wikipedia/commons/8/86/EDP_Brasil_logo.png
123,1925,0.3333333333333333,0.4444444444444444,0.5555555555555556,0.4444444444444444,0.5555555555555556,0.6,0.2,0.4482758620689655,0.3103448275862069,0.5517241379310345,0.3448275862068966,0.4482758620689655,0.4482758620689655,Seara,https://logodownload.org/wp-content/uploads/2014/12/seara-logo-2.png
124,1943,0.1111111111111111,0.3888888888888889,0.5555555555555556,0.4444444444444444,0.7777777777777778,0.2,0.6,0.4827586206896552,0.6206896551724138,0.6206896551724138,0.5172413793103449,0.6896551724137931,0.7586206896551724,HP,https://upload.wikimedia.org/wikipedia/commons/thumb/a/ad/HP_logo_2012.svg/2048px-HP_logo_2012.svg.png
125,1927,0.4444444444444444,0.5555555555555556,0.4444444444444444,0.4444444444444444,0.4444444444444444,0.4,0.2,0.5517241379310345,0.5517241379310345,0.6206896551724138,0.5172413793103449,0.6551724137931034,0.5172413793103449,Cesan,https://agencia-ng.sistemas.cesan.com.br/assets/layout/images/logo-portal-cesan.png
126,1952,0.1111111111111111,0.4444444444444444,0.3888888888888889,0.3888888888888889,0.2777777777777778,0.4,0.6,0.7241379310344828,0.5862068965517241,0.6896551724137931,0.5862068965517241,0.41379310344827586,0.4482758620689655,Intel,https://upload.wikimedia.org/wikipedia/commons/thumb/7/7d/Intel_logo_%282006-2020%29.svg/2560px-Intel_logo_%282006-2020%29.svg.png
127,1928,0.05555555555555555,0.3333333333333333,0.3888888888888889,0.4444444444444444,0.2222222222222222,0.4,0.6,0.6551724137931034,0.3448275862068966,0.6206896551724138,0.5172413793103449,0.5862068965517241,0.5517241379310345,Acer,https://logodownload.org/wp-content/uploads/2014/09/acer-logo-0.png
128,1929,0.2222222222222222,0.7222222222222222,0.4444444444444444,0.2222222222222222,0.05555555555555555,0.6,0.2,0.5172413793103449,0.6896551724137931,0.896551724137931,0.6551724137931034,0.5517241379310345,0.6206896551724138,3M,https://assets.stickpng.com/images/5ece32ef8ea4490004d66df7.png
129,1944,0.16666666666666666,0.6111111111111112,0.5,0.4444444444444444,0.3333333333333333,0.4,0.6,0.7241379310344828,0.5517241379310345,0.4827586206896552,0.4827586206896552,0.4482758620689655,0.6206896551724138,Honeywell,https://upload.wikimedia.org/wikipedia/commons/thumb/2/2a/Honeywell_logo.svg/1200px-Honeywell_logo.svg.png
130,1945,0.16666666666666666,0.5,0.5,0.5555555555555556,0.3333333333333333,0.2,0.6,0.4482758620689655,0.4482758620689655,0.7241379310344828,0.41379310344827586,0.5517241379310345,0.6206896551724138,JP Morgan,https://logosmarcas.net/wp-content/uploads/2021/02/JP-Morgan-Chase-Logo.png
131,1947,0.16666666666666666,0.3333333333333333,0.6666666666666666,0.5555555555555556,0.5,0.4,0.6,0.6551724137931034,0.7586206896551724,0.5862068965517241,0.5517241379310345,0.7241379310344828,0.7586206896551724,Positivo,https://logodownload.org/wp-content/uploads/2018/09/positivo-logo.png
132,1948,0.05555555555555555,0.3888888888888889,0.5,0.3333333333333333,0.1111111111111111,0.6,0.2,0.5862068965517241,0.5172413793103449,0.41379310344827586,0.6551724137931034,0.5517241379310345,0.5517241379310345,LG,https://upload.wikimedia.org/wikipedia/commons/thumb/b/bf/LG_logo_%282015%29.svg/2560px-LG_logo_%282015%29.svg.png
133,1950,0.05555555555555555,0.16666666666666666,0.3888888888888889,0.3333333333333333,0.6666666666666666,0.6,0.2,0.41379310344827586,0.3793103448275862,0.5172413793103449,0.4482758620689655,0.41379310344827586,0.4482758620689655,Elo,https://logodownload.org/wp-content/uploads/2017/04/elo-logo-1-1.png
134,1951,0.2777777777777778,0.5,0.16666666666666666,0.3888888888888889,0.5555555555555556,0.2,0.6,0.5172413793103449,0.5172413793103449,0.6206896551724138,0.3448275862068966,0.4482758620689655,0.5517241379310345,C6 Bank,https://logodownload.org/wp-content/uploads/2020/11/c6-bank-logo.png
135,1946,0.1111111111111111,0.5555555555555556,0.5555555555555556,0.3333333333333333,0.2222222222222222,0.2,0.6,0.3793103448275862,0.41379310344827586,0.5517241379310345,0.20689655172413793,0.5862068965517241,0.5172413793103449,SmartFit,https://logodownload.org/wp-content/uploads/2020/03/smart-fit-logo.png
136,1954,0.16666666666666666,0.3888888888888889,0.6111111111111112,0.4444444444444444,0.2777777777777778,0.4,0.6,0.5517241379310345,0.2413793103448276,0.6551724137931034,0.41379310344827586,0.5172413793103449,0.5862068965517241,PayPal,https://logosmarcas.net/wp-content/uploads/2020/04/PayPal-Logo.png
137,1917,0.05555555555555555,0.3888888888888889,0.6111111111111112,0.5,0.16666666666666666,0.6,0.2,0.5172413793103449,0.3448275862068966,0.7241379310344828,0.3793103448275862,0.6896551724137931,0.4827586206896552,Salesforce,https://baoba.org.br/wp-content/uploads/2023/07/Salesforce-Logo.png
138,1955,0.2222222222222222,0.5,0.5555555555555556,0.3888888888888889,0.3888888888888889,0.8,0.0,0.6551724137931034,0.6896551724137931,0.7586206896551724,0.7931034482758621,0.6896551724137931,0.8275862068965517,TJX,https://1000logos.net/wp-content/uploads/2021/07/TJX-Logo-full.png
139,1956,0.3333333333333333,0.5555555555555556,0.5555555555555556,0.2777777777777778,0.3888888888888889,0.6,0.2,0.5172413793103449,0.6896551724137931,0.896551724137931,0.6551724137931034,0.5517241379310345,0.6206896551724138,Best Buy,https://upload.wikimedia.org/wikipedia/commons/thumb/f/f5/Best_Buy_Logo.svg/2560px-Best_Buy_Logo.svg.png
140,1913,0.1111111111111111,0.5555555555555556,0.4444444444444444,0.3333333333333333,0.1111111111111111,0.0,0.8,0.41379310344827586,0.4482758620689655,0.7241379310344828,0.4827586206896552,0.5172413793103449,0.5862068965517241,XP,https://logospng.org/download/xp-investimentos/logo-xp-investimentos-icon-2048.png
141,1957,0.16666666666666666,0.4444444444444444,0.5,0.3333333333333333,0.16666666666666666,0.6,0.2,0.6896551724137931,0.41379310344827586,0.7241379310344828,0.3793103448275862,0.5862068965517241,0.5172413793103449,Uniper,https://upload.wikimedia.org/wikipedia/commons/thumb/9/97/Uniper_logo.svg/2367px-Uniper_logo.svg.png
142,1958,0.1111111111111111,0.5,0.5555555555555556,0.3333333333333333,0.4444444444444444,0.4,0.6,0.5862068965517241,0.5172413793103449,0.5172413793103449,0.3103448275862069,0.6551724137931034,0.7931034482758621,Allianz,https://logodownload.org/wp-content/uploads/2015/02/allianz-logo.png
143,1959,0.05555555555555555,0.4444444444444444,0.5,0.3888888888888889,0.16666666666666666,0.6,0.2,0.5517241379310345,0.6551724137931034,0.6206896551724138,0.6206896551724138,0.7241379310344828,0.5862068965517241,Boch Group,https://logos-world.net/wp-content/uploads/2020/08/Bosch-Logo-1981-2002.png
144,1949,0.1111111111111111,0.4444444444444444,0.5555555555555556,0.4444444444444444,0.2222222222222222,0.2,0.6,0.6206896551724138,0.7586206896551724,0.6551724137931034,0.6206896551724138,0.5517241379310345,0.6551724137931034,BMW,https://assets.stickpng.com/images/580b57fcd9996e24bc43c46e.png
145,1961,0.3333333333333333,0.5555555555555556,0.5555555555555556,0.5555555555555556,0.3888888888888889,0.6,0.2,0.7241379310344828,0.6206896551724138,0.7931034482758621,0.5172413793103449,0.8275862068965517,0.6896551724137931,Bayer,https://seeklogo.com/images/B/Bayer-logo-A90BE019B5-seeklogo.com.png
146,1962,0.2222222222222222,0.4444444444444444,0.5,0.2777777777777778,0.3333333333333333,0.4,0.6,0.5517241379310345,0.4827586206896552,0.5517241379310345,0.5172413793103449,0.6896551724137931,0.8275862068965517,Siemens,https://upload.wikimedia.org/wikipedia/commons/thumb/5/5f/Siemens-logo.svg/1280px-Siemens-logo.svg.png
147,1963,0.2777777777777778,0.6111111111111112,0.3888888888888889,0.6111111111111112,0.5,0.6,0.2,0.5517241379310345,0.5172413793103449,0.5862068965517241,0.5172413793103449,0.6206896551724138,0.6551724137931034,SAP,https://e7.pngegg.com/pngimages/646/840/png-clipart-sap-logo-illustration-sap-se-computer-icons-sap-erp-wtf-miscellaneous-blue-thumbnail.png
148,1964,0.05555555555555555,0.2222222222222222,0.4444444444444444,0.4444444444444444,0.6111111111111112,0.2,0.6,0.7241379310344828,0.4827586206896552,0.8275862068965517,0.41379310344827586,0.5172413793103449,0.5517241379310345,Continental,https://logodownload.org/wp-content/uploads/2017/02/Continental-logo-pneus-tyres-logo-26.png
149,1965,0.2222222222222222,0.5555555555555556,0.5,0.2222222222222222,0.4444444444444444,0.6,0.4,0.4827586206896552,0.4482758620689655,0.6206896551724138,0.5862068965517241,0.7241379310344828,0.7931034482758621,WEG,https://logodownload.org/wp-content/uploads/2019/09/weg-logo-1.png
150,1960,0.1111111111111111,0.5555555555555556,0.4444444444444444,0.3333333333333333,0.2222222222222222,0.6,0.2,0.5517241379310345,0.5862068965517241,0.5862068965517241,0.41379310344827586,0.6206896551724138,0.7241379310344828,Ubisoft,https://logodownload.org/wp-content/uploads/2017/11/ubisoft-logo-1.png
151,1967,0.2777777777777778,0.5,0.16666666666666666,0.3888888888888889,0.5555555555555556,0.2,0.6,0.4827586206896552,0.5517241379310345,0.5172413793103449,0.3103448275862069,0.5862068965517241,0.8275862068965517,Ricola,https://upload.wikimedia.org/wikipedia/commons/thumb/6/6c/Ricola_Logo.svg/2560px-Ricola_Logo.svg.png
152,1966,0.1111111111111111,0.3333333333333333,0.5555555555555556,0.4444444444444444,0.5555555555555556,0.4,0.4,0.5172413793103449,0.5172413793103449,0.6206896551724138,0.5172413793103449,0.5517241379310345,0.4827586206896552,Dufry,https://theme.zdassets.com/theme_assets/1361717/4cd57197c256b2a58e65abe521d47ff8a0deeccb.png
153,1968,0.0,0.16666666666666666,0.5,0.2777777777777778,0.5555555555555556,0.6,0.2,0.5172413793103449,0.3103448275862069,0.5517241379310345,0.3448275862068966,0.4827586206896552,0.41379310344827586,Swatch,https://upload.wikimedia.org/wikipedia/commons/thumb/1/1b/Swatch_Logo_RGB.svg/2560px-Swatch_Logo_RGB.svg.png
154,1969,0.2777777777777778,0.5,0.5,0.6111111111111112,0.5555555555555556,0.4,0.6,0.6206896551724138,0.5517241379310345,0.4827586206896552,0.41379310344827586,0.6896551724137931,0.7931034482758621,Swiss International Air Lines,https://upload.wikimedia.org/wikipedia/commons/thumb/f/f8/Swiss_International_Air_Lines_Logo_2011.svg/2560px-Swiss_International_Air_Lines_Logo_2011.svg.png